Trad vs Roth IRA,,,,,,,,TRAD IRA ONLY,,,Rate of Ret,,,,,,ROTH IRA ONLY,,,,,,,,,,,OPTIMAL SWITCH,,,,,,,,,,,,,,,,,,,,,,,,
,,,,,,,,,Beg of year,,5.00%,,,,,,,,,Beg of year,,,,,,,,Trad,,,,,,,,,,Roth,,,,,,,,,,,Combined,,,
Year,Period,"Age
EOY","Marginal
Tax Bracket",Taxable income,,"Available
to Contribute",,"Beginning
Balance","Trad IRA
Contribution","Taxes
avoided","Growth on 
BB and Contr.","Gross
withdrawal","Taxes on
withdrawal","Net
Withdrawal","Ending
Balance",,"Beginning
Balance","Gross Roth
Contribution","OI Tax on
Contribution","Net
Contribution","Taxes
avoided",Growth,"Gross
withdrawal","Taxes on
withdrawal","Net
Withdrawal","Ending
Balance",,"Beginning
Balance","Gross
Contribution","Trad IRA
Contribution","Taxes
avoided","Growth on 
BB and Contr.","Gross
withdrawal","Taxes on
withdrawal","Net
Withdrawal","Ending
Balance",,"Beginning
Balance","Gross Roth
Contribution","OI Tax on
Contribution","Net
Contribution","Taxes
avoided","Growth on 
BB and Contr.","Gross
withdrawal","Taxes on
withdrawal","Net
Withdrawal","Ending
Balance",,Beg Bal,"Gross
Withdrawal","Net
Withdrawal","Ending
Balance"
2026,1,1,22%,"$50,000",,$500,,$0,$500,$110,$25,$0,$0,$0,$525,,$0,$500,$110,$390,$86,$20,$0,$0,$0,$410,,$0,"$1,000",$0,$0,$0,$0,$0,$0,$0,,$0,"$1,000",$220,$780,$172,$39,$0,$0,$0,$819,,$819,$0,$0,$819
2027,2,2,22%,"$50,000",,$500,,$525,$500,$110,$51,$0,$0,$0,"$1,076",,$410,$500,$110,$390,$86,$40,$0,$0,$0,$839,,$0,"$2,000","$1,000",$220,$50,$0,$0,$0,"$1,050",,$819,"$1,000",$220,$780,$172,$80,$0,$0,$0,"$1,679",,"$1,679",$0,$0,"$2,729"
2028,3,3,22%,"$50,000",,$500,,"$1,076",$500,$110,$79,$0,$0,$0,"$1,655",,$839,$500,$110,$390,$86,$61,$0,$0,$0,"$1,291",,"$1,050",$0,"$1,000",$220,$103,$0,$0,$0,"$2,153",,"$1,679","-$1,000",-$220,-$780,$172,$45,$0,$0,$0,$944,,"$1,994",$0,$0,"$3,096"
2029,4,4,22%,"$50,000",,$500,,"$1,655",$500,$110,$108,$0,$0,$0,"$2,263",,"$1,291",$500,$110,$390,$86,$84,$0,$0,$0,"$1,765",,"$2,153",$0,"$1,000",$220,$158,$0,$0,$0,"$3,310",,$944,"-$1,000",-$220,-$780,$172,$8,$0,$0,$0,$172,,"$2,325",$0,$0,"$3,482"
2030,5,5,22%,"$50,000",,$500,,"$2,263",$500,$110,$138,$0,$0,$0,"$2,901",,"$1,765",$500,$110,$390,$86,$108,$0,$0,$0,"$2,263",,"$3,310",$0,"$1,000",$220,$216,$0,$0,$0,"$4,526",,$172,"-$1,000",-$220,-$780,$172,-$30,$0,$0,$0,-$638,,"$2,672",$0,$0,"$3,887"
2031,6,6,22%,"$50,000",,$500,,"$2,901",$500,$110,$170,$0,$0,$0,"$3,571",,"$2,263",$500,$110,$390,$86,$133,$0,$0,$0,"$2,785",,"$4,526",$0,"$1,000",$220,$276,$0,$0,$0,"$5,802",,-$638,"-$1,000",-$220,-$780,$172,-$71,$0,$0,$0,"-$1,489",,"$3,036",$0,$0,"$4,313"
2032,7,7,22%,"$50,000",,$500,,"$3,571",$500,$110,$204,$0,$0,$0,"$4,275",,"$2,785",$500,$110,$390,$86,$159,$0,$0,$0,"$3,334",,"$5,802",$0,"$1,000",$220,$340,$0,$0,$0,"$7,142",,"-$1,489","-$1,000",-$220,-$780,$172,-$113,$0,$0,$0,"-$2,383",,"$3,419",$0,$0,"$4,759"
2033,8,8,22%,"$50,000",,$500,,"$4,275",$500,$110,$239,$0,$0,$0,"$5,013",,"$3,334",$500,$110,$390,$86,$186,$0,$0,$0,"$3,910",,"$7,142",$0,"$1,000",$220,$407,$0,$0,$0,"$8,549",,"-$2,383","-$1,000",-$220,-$780,$172,-$158,$0,$0,$0,"-$3,321",,"$3,821",$0,$0,"$5,228"
2034,9,9,22%,"$50,000",,$500,,"$5,013",$500,$110,$276,$0,$0,$0,"$5,789",,"$3,910",$500,$110,$390,$86,$215,$0,$0,$0,"$4,515",,"$8,549",$0,"$1,000",$220,$477,$0,$0,$0,"$10,027",,"-$3,321","-$1,000",-$220,-$780,$172,-$205,$0,$0,$0,"-$4,306",,"$4,243",$0,$0,"$5,721"
2035,10,10,22%,"$50,000",,$500,,"$5,789",$500,$110,$314,$0,$0,$0,"$6,603",,"$4,515",$500,$110,$390,$86,$245,$0,$0,$0,"$5,151",,"$10,027",$0,"$1,000",$220,$551,$0,$0,$0,"$11,578",,"-$4,306","-$1,000",-$220,-$780,$172,-$254,$0,$0,$0,"-$5,340",,"$4,686",$0,$0,"$6,238"
2036,11,11,22%,"$50,000",,$500,,"$6,603",$500,$110,$355,$0,$0,$0,"$7,459",,"$5,151",$500,$110,$390,$86,$277,$0,$0,$0,"$5,818",,"$11,578",$0,"$1,000",$220,$629,$0,$0,$0,"$13,207",,"-$5,340","-$1,000",-$220,-$780,$172,-$306,$0,$0,$0,"-$6,426",,"$5,152",$0,$0,"$6,781"
2037,12,12,22%,"$50,000",,$500,,"$7,459",$500,$110,$398,$0,$0,$0,"$8,356",,"$5,818",$500,$110,$390,$86,$310,$0,$0,$0,"$6,518",,"$13,207",$0,"$1,000",$220,$710,$0,$0,$0,"$14,917",,"-$6,426","-$1,000",-$220,-$780,$172,-$360,$0,$0,$0,"-$7,566",,"$5,640",$0,$0,"$7,351"
2038,13,13,22%,"$50,000",,$500,,"$8,356",$500,$110,$443,$0,$0,$0,"$9,299",,"$6,518",$500,$110,$390,$86,$345,$0,$0,$0,"$7,253",,"$14,917",$0,"$1,000",$220,$796,$0,$0,$0,"$16,713",,"-$7,566","-$1,000",-$220,-$780,$172,-$417,$0,$0,$0,"-$8,764",,"$6,153",$0,$0,"$7,949"
2039,14,14,22%,"$50,000",,$500,,"$9,299",$500,$110,$490,$0,$0,$0,"$10,289",,"$7,253",$500,$110,$390,$86,$382,$0,$0,$0,"$8,026",,"$16,713",$0,"$1,000",$220,$886,$0,$0,$0,"$18,599",,"-$8,764","-$1,000",-$220,-$780,$172,-$477,$0,$0,$0,"-$10,021",,"$6,692",$0,$0,"$8,578"
2040,15,15,22%,"$50,000",,$500,,"$10,289",$500,$110,$539,$0,$0,$0,"$11,329",,"$8,026",$500,$110,$390,$86,$421,$0,$0,$0,"$8,836",,"$18,599",$0,"$1,000",$220,$980,$0,$0,$0,"$20,579",,"-$10,021","-$1,000",-$220,-$780,$172,-$540,$0,$0,$0,"-$11,341",,"$7,258",$0,$0,"$9,238"
2041,16,16,22%,"$50,000",,$500,,"$11,329",$500,$110,$591,$0,$0,$0,"$12,420",,"$8,836",$500,$110,$390,$86,$461,$0,$0,$0,"$9,688",,"$20,579",$0,"$1,000",$220,"$1,079",$0,$0,$0,"$22,657",,"-$11,341","-$1,000",-$220,-$780,$172,-$606,$0,$0,$0,"-$12,727",,"$7,851",$0,$0,"$9,930"
2042,17,17,22%,"$50,000",,$500,,"$12,420",$500,$110,$646,$0,$0,$0,"$13,566",,"$9,688",$500,$110,$390,$86,$504,$0,$0,$0,"$10,582",,"$22,657",$0,"$1,000",$220,"$1,183",$0,$0,$0,"$24,840",,"-$12,727","-$1,000",-$220,-$780,$172,-$675,$0,$0,$0,"-$14,182",,"$8,475",$0,$0,"$10,658"
2043,18,18,22%,"$50,000",,$500,,"$13,566",$500,$110,$703,$0,$0,$0,"$14,770",,"$10,582",$500,$110,$390,$86,$549,$0,$0,$0,"$11,520",,"$24,840","$5,000","$1,000",$220,"$1,292",$0,$0,$0,"$27,132",,"-$14,182","$4,000",$880,"$3,120",$172,-$553,$0,$0,$0,"-$11,616",,"$13,225",$0,$0,"$15,517"
2044,19,19,22%,"$50,000",,"$5,000",,"$14,770","$5,000","$1,100",$988,$0,$0,$0,"$20,758",,"$11,520","$5,000","$1,100","$3,900",$86,$771,$0,$0,$0,"$16,191",,"$27,132","$5,000","$1,000",$220,"$1,407",$0,$0,$0,"$29,539",,"-$11,616","$4,000",$880,"$3,120",$172,-$425,$0,$0,$0,"-$8,920",,"$18,212",$0,$0,"$20,619"
2045,20,20,22%,"$50,000",,"$5,000",,"$20,758","$5,000","$1,100","$1,288",$0,$0,$0,"$27,046",,"$16,191","$5,000","$1,100","$3,900",$86,"$1,005",$0,$0,$0,"$21,096",,"$29,539","$5,000","$1,000",$220,"$1,527",$0,$0,$0,"$32,066",,"-$8,920","$4,000",$880,"$3,120",$172,-$290,$0,$0,$0,"-$6,090",,"$23,449",$0,$0,"$25,976"
2046,21,21,22%,"$50,000",,"$5,000",,"$27,046","$5,000","$1,100","$1,602",$0,$0,$0,"$33,648",,"$21,096","$5,000","$1,100","$3,900",$86,"$1,250",$0,$0,$0,"$26,246",,"$32,066","$5,000","$1,000",$220,"$1,653",$0,$0,$0,"$34,719",,"-$6,090","$4,000",$880,"$3,120",$172,-$149,$0,$0,$0,"-$3,119",,"$28,947",$0,$0,"$31,600"
2047,22,22,22%,"$50,000",,"$5,000",,"$33,648","$5,000","$1,100","$1,932",$0,$0,$0,"$40,581",,"$26,246","$5,000","$1,100","$3,900",$86,"$1,507",$0,$0,$0,"$31,653",,"$34,719","$7,000","$1,000",$220,"$1,786",$0,$0,$0,"$37,505",,"-$3,119","$6,000","$1,320","$4,680",$172,$78,$0,$0,$0,"$1,639",,"$36,358",$0,$0,"$39,144"
2048,23,23,22%,"$48,000",,"$7,000",,"$40,581","$7,000","$1,540","$2,379",$0,$0,$0,"$49,960",,"$31,653","$7,000","$1,540","$5,460",$86,"$1,856",$0,$0,$0,"$38,968",,"$37,505","$7,000","$1,000",$220,"$1,925",$0,$0,$0,"$40,430",,"$1,639","$6,000","$1,320","$4,680",$172,$316,$0,$0,$0,"$6,635",,"$44,140",$0,$0,"$47,066"
2049,24,24,22%,"$48,000",,"$7,000",,"$49,960","$7,000","$1,540","$2,848",$0,$0,$0,"$59,808",,"$38,968","$7,000","$1,540","$5,460",$86,"$2,221",$0,$0,$0,"$46,650",,"$40,430","$7,000","$1,000",$220,"$2,072",$0,$0,$0,"$43,502",,"$6,635","$6,000","$1,320","$4,680",$172,$566,$0,$0,$0,"$11,881",,"$52,311",$0,$0,"$55,383"
2050,25,25,22%,"$48,000",,"$7,000",,"$59,808","$7,000","$1,540","$3,340",$0,$0,$0,"$70,148",,"$46,650","$7,000","$1,540","$5,460",$86,"$2,605",$0,$0,$0,"$54,715",,"$43,502","$7,000","$1,000",$220,"$2,225",$0,$0,$0,"$46,727",,"$11,881","$6,000","$1,320","$4,680",$172,$828,$0,$0,$0,"$17,389",,"$60,891",$0,$0,"$64,116"
2051,26,26,22%,"$48,000",,"$7,000",,"$70,148","$7,000","$1,540","$3,857",$0,$0,$0,"$81,005",,"$54,715","$7,000","$1,540","$5,460",$86,"$3,009",$0,$0,$0,"$63,184",,"$46,727","$7,000","$1,000",$220,"$2,386",$0,$0,$0,"$50,113",,"$17,389","$6,000","$1,320","$4,680",$172,"$1,103",$0,$0,$0,"$23,172",,"$69,900",$0,$0,"$73,286"
2052,27,27,22%,"$48,000",,"$7,000",,"$81,005","$7,000","$1,540","$4,400",$0,$0,$0,"$92,406",,"$63,184","$7,000","$1,540","$5,460",$86,"$3,432",$0,$0,$0,"$72,076",,"$50,113","$7,000","$1,000",$220,"$2,556",$0,$0,$0,"$53,669",,"$23,172","$6,000","$1,320","$4,680",$172,"$1,393",$0,$0,$0,"$29,245",,"$79,358",$0,$0,"$82,914"
2053,28,28,22%,"$48,000",,"$7,000",,"$92,406","$7,000","$1,540","$4,970",$0,$0,$0,"$104,376",,"$72,076","$7,000","$1,540","$5,460",$86,"$3,877",$0,$0,$0,"$81,413",,"$53,669","$7,000","$1,000",$220,"$2,733",$0,$0,$0,"$57,403",,"$29,245","$6,000","$1,320","$4,680",$172,"$1,696",$0,$0,$0,"$35,621",,"$89,290",$0,$0,"$93,024"
2054,29,29,22%,"$48,000",,"$7,000",,"$104,376","$7,000","$1,540","$5,569",$0,$0,$0,"$116,945",,"$81,413","$7,000","$1,540","$5,460",$86,"$4,344",$0,$0,$0,"$91,217",,"$57,403","$7,000","$1,000",$220,"$2,920",$0,$0,$0,"$61,323",,"$35,621","$6,000","$1,320","$4,680",$172,"$2,015",$0,$0,$0,"$42,316",,"$99,719",$0,$0,"$103,639"
2055,30,30,22%,"$48,000",,"$7,000",,"$116,945","$7,000","$1,540","$6,197",$0,$0,$0,"$130,142",,"$91,217","$7,000","$1,540","$5,460",$86,"$4,834",$0,$0,$0,"$101,511",,"$61,323","$7,000","$1,000",$220,"$3,116",$0,$0,$0,"$65,439",,"$42,316","$6,000","$1,320","$4,680",$172,"$2,350",$0,$0,$0,"$49,346",,"$110,669",$0,$0,"$114,785"
2056,31,31,22%,"$100,000",,"$7,000",,"$130,142","$7,000","$1,540","$6,857",$0,$0,$0,"$143,999",,"$101,511","$7,000","$1,540","$5,460",$86,"$5,349",$0,$0,$0,"$112,319",,"$65,439","$7,000","$1,000",$220,"$3,322",$0,$0,$0,"$69,761",,"$49,346","$6,000","$1,320","$4,680",$172,"$2,701",$0,$0,$0,"$56,727",,"$122,166",$0,$0,"$126,488"
2057,32,32,22%,"$100,000",,"$7,000",,"$143,999","$7,000","$1,540","$7,550",$0,$0,$0,"$158,549",,"$112,319","$7,000","$1,540","$5,460",$86,"$5,889",$0,$0,$0,"$123,668",,"$69,761","$7,000","$1,000",$220,"$3,538",$0,$0,$0,"$74,299",,"$56,727","$6,000","$1,320","$4,680",$172,"$3,070",$0,$0,$0,"$64,478",,"$134,239",$0,$0,"$138,777"
2058,33,33,22%,"$100,000",,"$7,000",,"$158,549","$7,000","$1,540","$8,277",$0,$0,$0,"$173,826",,"$123,668","$7,000","$1,540","$5,460",$86,"$6,456",$0,$0,$0,"$135,585",,"$74,299","$7,000","$1,000",$220,"$3,765",$0,$0,$0,"$79,064",,"$64,478","$6,000","$1,320","$4,680",$172,"$3,458",$0,$0,$0,"$72,616",,"$146,915",$0,$0,"$151,680"
2059,34,34,22%,"$100,000",,"$7,000",,"$173,826","$7,000","$1,540","$9,041",$0,$0,$0,"$189,868",,"$135,585","$7,000","$1,540","$5,460",$86,"$7,052",$0,$0,$0,"$148,097",,"$79,064","$7,000","$1,000",$220,"$4,003",$0,$0,$0,"$84,067",,"$72,616","$6,000","$1,320","$4,680",$172,"$3,865",$0,$0,$0,"$81,161",,"$160,224",$0,$0,"$165,227"
2060,35,35,22%,"$100,000",,"$7,000",,"$189,868","$7,000","$1,540","$9,843",$0,$0,$0,"$206,711",,"$148,097","$7,000","$1,540","$5,460",$86,"$7,678",$0,$0,$0,"$161,235",,"$84,067","$7,000","$1,000",$220,"$4,253",$0,$0,$0,"$89,320",,"$81,161","$6,000","$1,320","$4,680",$172,"$4,292",$0,$0,$0,"$90,133",,"$174,200",$0,$0,"$179,453"
2061,36,36,22%,"$100,000",,"$7,000",,"$206,711","$7,000","$1,540","$10,686",$0,$0,$0,"$224,397",,"$161,235","$7,000","$1,540","$5,460",$86,"$8,335",$0,$0,$0,"$175,029",,"$89,320","$7,000","$1,000",$220,"$4,516",$0,$0,$0,"$94,836",,"$90,133","$6,000","$1,320","$4,680",$172,"$4,741",$0,$0,$0,"$99,553",,"$188,873",$0,$0,"$194,389"
2062,37,37,22%,"$100,000",,"$7,000",,"$224,397","$7,000","$1,540","$11,570",$0,$0,$0,"$242,967",,"$175,029","$7,000","$1,540","$5,460",$86,"$9,024",$0,$0,$0,"$189,514",,"$94,836","$7,000","$1,000",$220,"$4,792",$0,$0,$0,"$100,628",,"$99,553","$6,000","$1,320","$4,680",$172,"$5,212",$0,$0,$0,"$109,445",,"$204,281",$0,$0,"$210,073"
2063,38,38,22%,"$100,000",,"$7,000",,"$242,967","$7,000","$1,540","$12,498",$0,$0,$0,"$262,465",,"$189,514","$7,000","$1,540","$5,460",$86,"$9,749",$0,$0,$0,"$204,723",,"$100,628","$7,000","$1,000",$220,"$5,081",$0,$0,$0,"$106,710",,"$109,445","$6,000","$1,320","$4,680",$172,"$5,706",$0,$0,$0,"$119,831",,"$220,459",$0,$0,"$226,541"
2064,39,39,22%,"$100,000",,"$7,000",,"$262,465","$7,000","$1,540","$13,473",$0,$0,$0,"$282,938",,"$204,723","$7,000","$1,540","$5,460",$86,"$10,509",$0,$0,$0,"$220,692",,"$106,710","$7,000","$1,000",$220,"$5,385",$0,$0,$0,"$113,095",,"$119,831","$6,000","$1,320","$4,680",$172,"$6,226",$0,$0,$0,"$130,737",,"$237,446",$0,$0,"$243,832"
2065,40,40,22%,"$100,000",,"$7,000",,"$282,938","$7,000","$1,540","$14,497",$0,$0,$0,"$304,435",,"$220,692","$7,000","$1,540","$5,460",$86,"$11,308",$0,$0,$0,"$237,459",,"$113,095","$7,000","$1,000",$220,"$5,705",$0,$0,$0,"$119,800",,"$130,737","$6,000","$1,320","$4,680",$172,"$6,771",$0,$0,$0,"$142,187",,"$255,282",$0,$0,"$261,987"
2066,41,41,24%,"$190,000",,"$7,000",,"$304,435","$7,000","$1,540","$15,572",$0,$0,$0,"$327,007",,"$237,459","$7,000","$1,680","$5,320",$86,"$12,139",$0,$0,$0,"$254,918",,"$119,800","$7,000","$7,000","$1,540","$6,340",$0,$0,$0,"$133,140",,"$142,187",$0,$0,$0,$172,"$7,109",$0,$0,$0,"$149,297",,"$269,097",$0,$0,"$282,437"
2067,42,42,24%,"$190,000",,"$7,000",,"$327,007","$7,000","$1,540","$16,700",$0,$0,$0,"$350,707",,"$254,918","$7,000","$1,680","$5,320",$86,"$13,012",$0,$0,$0,"$273,250",,"$133,140","$7,000","$7,000","$1,540","$7,007",$0,$0,$0,"$147,147",,"$149,297",$0,$0,$0,$172,"$7,465",$0,$0,$0,"$156,762",,"$289,901",$0,$0,"$303,908"
2068,43,43,24%,"$190,000",,"$7,000",,"$350,707","$7,000","$1,540","$17,885",$0,$0,$0,"$375,592",,"$273,250","$7,000","$1,680","$5,320",$86,"$13,929",$0,$0,$0,"$292,499",,"$147,147","$7,000","$7,000","$1,540","$7,707",$0,$0,$0,"$161,854",,"$156,762",$0,$0,$0,$172,"$7,838",$0,$0,$0,"$164,600",,"$311,747",$0,$0,"$326,454"
2069,44,44,24%,"$190,000",,"$7,000",,"$375,592","$7,000","$1,540","$19,130",$0,$0,$0,"$401,722",,"$292,499","$7,000","$1,680","$5,320",$86,"$14,891",$0,$0,$0,"$312,710",,"$161,854","$7,000","$7,000","$1,540","$8,443",$0,$0,$0,"$177,297",,"$164,600",$0,$0,$0,$172,"$8,230",$0,$0,$0,"$172,830",,"$334,684",$0,$0,"$350,127"
2070,45,45,24%,"$190,000",,"$7,000",,"$401,722","$7,000","$1,540","$20,436",$0,$0,$0,"$429,158",,"$312,710","$7,000","$1,680","$5,320",$86,"$15,901",$0,$0,$0,"$333,931",,"$177,297","$7,000","$7,000","$1,540","$9,215",$0,$0,$0,"$193,512",,"$172,830",$0,$0,$0,$172,"$8,641",$0,$0,$0,"$181,471",,"$358,768",$0,$0,"$374,983"
2071,46,46,24%,"$190,000",,"$7,000",,"$429,158","$7,000","$1,540","$21,808",$0,$0,$0,"$457,966",,"$333,931","$7,000","$1,680","$5,320",$86,"$16,963",$0,$0,$0,"$356,214",,"$193,512","$7,000","$7,000","$1,540","$10,026",$0,$0,$0,"$210,537",,"$181,471",$0,$0,$0,$172,"$9,074",$0,$0,$0,"$190,545",,"$384,056",$0,$0,"$401,082"
2072,47,47,24%,"$190,000",,"$7,000",,"$457,966","$7,000","$1,540","$23,248",$0,$0,$0,"$488,214",,"$356,214","$7,000","$1,680","$5,320",$86,"$18,077",$0,$0,$0,"$379,610",,"$210,537","$7,000","$7,000","$1,540","$10,877",$0,$0,$0,"$228,414",,"$190,545",$0,$0,$0,$172,"$9,527",$0,$0,$0,"$200,072",,"$410,609",$0,$0,"$428,486"
2073,48,48,24%,"$190,000",,"$7,000",,"$488,214","$7,000","$1,540","$24,761",$0,$0,$0,"$519,975",,"$379,610","$7,000","$1,680","$5,320",$86,"$19,247",$0,$0,$0,"$404,177",,"$228,414","$7,000","$7,000","$1,540","$11,771",$0,$0,$0,"$247,185",,"$200,072",$0,$0,$0,$172,"$10,004",$0,$0,$0,"$210,076",,"$438,490",$0,$0,"$457,260"
2074,49,49,24%,"$190,000",,"$7,000",,"$519,975","$7,000","$1,540","$26,349",$0,$0,$0,"$553,324",,"$404,177","$7,000","$1,680","$5,320",$86,"$20,475",$0,$0,$0,"$429,972",,"$247,185","$7,000","$7,000","$1,540","$12,709",$0,$0,$0,"$266,894",,"$210,076",$0,$0,$0,$172,"$10,504",$0,$0,$0,"$220,579",,"$467,764",$0,$0,"$487,473"
2075,50,50,24%,"$190,000",,"$7,000",,"$553,324","$7,000","$1,540","$28,016",$0,$0,$0,"$588,340",,"$429,972","$7,000","$1,680","$5,320",$86,"$21,765",$0,$0,$0,"$457,056",,"$266,894","$7,000","$7,000","$1,540","$13,695",$0,$0,$0,"$287,589",,"$220,579",$0,$0,$0,$172,"$11,029",$0,$0,$0,"$231,608",,"$498,502",$0,$0,"$519,197"
2076,51,51,35%,"$250,000",,"$8,000",,"$588,340","$8,000","$1,760","$29,817",$0,$0,$0,"$626,157",,"$457,056","$8,000","$2,800","$5,200",$86,"$23,113",$0,$0,$0,"$485,369",,"$287,589","$7,000","$7,000","$1,540","$14,729",$0,$0,$0,"$309,318",,"$231,608",$0,$0,$0,$172,"$11,580",$0,$0,$0,"$243,189",,"$530,778",$0,$0,"$552,507"
2077,52,52,35%,"$250,000",,"$8,000",,"$626,157","$8,000","$1,760","$31,708",$0,$0,$0,"$665,865",,"$485,369","$8,000","$2,800","$5,200",$86,"$24,528",$0,$0,$0,"$515,098",,"$309,318","$7,000","$7,000","$1,540","$15,816",$0,$0,$0,"$332,134",,"$243,189",$0,$0,$0,$172,"$12,159",$0,$0,$0,"$255,348",,"$564,666",$0,$0,"$587,482"
2078,53,53,35%,"$250,000",,"$8,000",,"$665,865","$8,000","$1,760","$33,693",$0,$0,$0,"$707,558",,"$515,098","$8,000","$2,800","$5,200",$86,"$26,015",$0,$0,$0,"$546,312",,"$332,134","$7,000","$7,000","$1,540","$16,957",$0,$0,$0,"$356,091",,"$255,348",$0,$0,$0,$172,"$12,767",$0,$0,$0,"$268,116",,"$600,250",$0,$0,"$624,206"
2079,54,54,35%,"$250,000",,"$8,000",,"$707,558","$8,000","$1,760","$35,778",$0,$0,$0,"$751,336",,"$546,312","$8,000","$2,800","$5,200",$86,"$27,576",$0,$0,$0,"$579,088",,"$356,091","$7,000","$7,000","$1,540","$18,155",$0,$0,$0,"$381,245",,"$268,116",$0,$0,$0,$172,"$13,406",$0,$0,$0,"$281,521",,"$637,612",$0,$0,"$662,767"
2080,55,55,35%,"$250,000",,"$8,000",,"$751,336","$8,000","$1,760","$37,967",$0,$0,$0,"$797,303",,"$579,088","$8,000","$2,800","$5,200",$86,"$29,214",$0,$0,$0,"$613,503",,"$381,245","$7,000","$7,000","$1,540","$19,412",$0,$0,$0,"$407,658",,"$281,521",$0,$0,$0,$172,"$14,076",$0,$0,$0,"$295,598",,"$676,843",$0,$0,"$703,255"
2081,56,56,35%,"$250,000",,"$8,000",,"$797,303","$8,000","$1,760","$40,265",$0,$0,$0,"$845,568",,"$613,503","$8,000","$2,800","$5,200",$86,"$30,935",$0,$0,$0,"$649,638",,"$407,658","$7,000","$7,000","$1,540","$20,733",$0,$0,$0,"$435,390",,"$295,598",$0,$0,$0,$172,"$14,780",$0,$0,$0,"$310,377",,"$718,035",$0,$0,"$745,768"
2082,57,57,35%,"$250,000",,"$8,000",,"$845,568","$8,000","$1,760","$42,678",$0,$0,$0,"$896,246",,"$649,638","$8,000","$2,800","$5,200",$86,"$32,742",$0,$0,$0,"$687,580",,"$435,390","$7,000","$7,000","$1,540","$22,120",$0,$0,$0,"$464,510",,"$310,377",$0,$0,$0,$172,"$15,519",$0,$0,$0,"$325,896",,"$761,287",$0,$0,"$790,406"
2083,58,58,35%,"$250,000",,"$8,000",,"$896,246","$8,000","$1,760","$45,212",$0,$0,$0,"$949,459",,"$687,580","$8,000","$2,800","$5,200",$86,"$34,639",$0,$0,$0,"$727,418",,"$464,510","$7,000","$7,000","$1,540","$23,575",$0,$0,$0,"$495,085",,"$325,896",$0,$0,$0,$172,"$16,295",$0,$0,$0,"$342,191",,"$806,701",$0,$0,"$837,277"
2084,59,59,35%,"$250,000",,"$8,000",,"$949,459","$8,000","$1,760","$47,873",$0,$0,$0,"$1,005,332",,"$727,418","$8,000","$2,800","$5,200",$86,"$36,631",$0,$0,$0,"$769,249",,"$495,085","$7,000","$7,000","$1,540","$25,104",$0,$0,$0,"$527,190",,"$342,191",$0,$0,$0,$172,"$17,110",$0,$0,$0,"$359,301",,"$854,386",$0,$0,"$886,490"
2085,60,60,35%,"$250,000",,"$8,000",,"$1,005,332","$8,000","$1,760","$50,667",$0,$0,$0,"$1,063,998",,"$769,249","$8,000","$2,800","$5,200",$86,"$38,722",$0,$0,$0,"$813,172",,"$527,190","$7,000","$7,000","$1,540","$26,709",$0,$0,$0,"$560,899",,"$359,301",$0,$0,$0,$172,"$17,965",$0,$0,$0,"$377,266",,"$904,455",$0,$0,"$938,165"
2086,61,61,35%,"$250,000",,"$8,000",,"$1,063,998","$8,000","$1,760","$53,600",$0,$0,$0,"$1,125,598",,"$813,172","$8,000","$2,800","$5,200",$86,"$40,919",$0,$0,$0,"$859,290",,"$560,899","$7,000","$7,000","$1,540","$28,395",$0,$0,$0,"$596,294",,"$377,266",$0,$0,$0,$172,"$18,863",$0,$0,$0,"$396,129",,"$957,028",$0,$0,"$992,423"
2087,62,62,35%,"$250,000",,"$8,000",,"$1,125,598","$8,000","$1,760","$56,680",$0,$0,$0,"$1,190,278",,"$859,290","$8,000","$2,800","$5,200",$86,"$43,225",$0,$0,$0,"$907,715",,"$596,294","$7,000","$7,000","$1,540","$30,165",$0,$0,$0,"$633,459",,"$396,129",$0,$0,$0,$172,"$19,806",$0,$0,$0,"$415,935",,"$1,012,230",$0,$0,"$1,049,394"
2088,63,63,35%,"$250,000",,"$8,000",,"$1,190,278","$8,000","$1,760","$59,914",$0,$0,$0,"$1,258,192",,"$907,715","$8,000","$2,800","$5,200",$86,"$45,646",$0,$0,$0,"$958,561",,"$633,459","$7,000","$7,000","$1,540","$32,023",$0,$0,$0,"$672,482",,"$415,935",$0,$0,$0,$172,"$20,797",$0,$0,$0,"$436,732",,"$1,070,191",$0,$0,"$1,109,214"
2089,64,64,35%,"$250,000",,"$8,000",,"$1,258,192","$8,000","$1,760","$63,310",$0,$0,$0,"$1,329,502",,"$958,561","$8,000","$2,800","$5,200",$86,"$48,188",$0,$0,$0,"$1,011,949",,"$672,482","$7,000","$7,000","$1,540","$33,974",$0,$0,$0,"$713,456",,"$436,732",$0,$0,$0,$172,"$21,837",$0,$0,$0,"$458,569",,"$1,131,051",$0,$0,"$1,172,025"
2090,65,65,35%,"$250,000",,"$8,000",,"$1,329,502","$8,000","$1,760","$66,875",$0,$0,$0,"$1,404,377",,"$1,011,949","$8,000","$2,800","$5,200",$86,"$50,857",$0,$0,$0,"$1,068,006",,"$713,456","$7,000","$7,000","$1,540","$36,023",$0,$0,$0,"$756,479",,"$458,569",$0,$0,$0,$172,"$22,928",$0,$0,$0,"$481,497",,"$1,194,953",$0,$0,"$1,237,976"
2091,66,66,35%,"$250,000",,"$8,000",,"$1,404,377","$8,000","$1,760","$70,619",$0,$0,$0,"$1,482,996",,"$1,068,006","$8,000","$2,800","$5,200",$86,"$53,660",$0,$0,$0,"$1,126,867",,"$756,479","$7,000","$7,000","$1,540","$38,174",$0,$0,$0,"$801,653",,"$481,497",$0,$0,$0,$172,"$24,075",$0,$0,$0,"$505,572",,"$1,262,051",$0,$0,"$1,307,225"
2092,67,67,22%,"$80,000",,$0,,"$1,482,996",$0,$0,"$74,150","$94,200","$20,724","$73,476","$1,462,945",,"$1,126,867",$0,$0,$0,$86,"$56,343","$73,000",$0,"$73,000","$1,110,210",,"$801,653",$0,$0,$0,"$40,083","$26,650","$5,863","$20,787","$815,085",,"$505,572",$0,$0,$0,$172,"$25,279","$57,660",$0,"$57,660","$473,191",,"$1,274,843","$84,310","$78,447","$1,288,276"
2093,68,68,22%,"$80,000",,$0,,"$1,462,945",$0,$0,"$73,147","$94,200","$20,724","$73,476","$1,441,893",,"$1,110,210",$0,$0,$0,$86,"$55,510","$73,000",$0,"$73,000","$1,092,720",,"$815,085",$0,$0,$0,"$40,754","$26,650","$5,863","$20,787","$829,190",,"$473,191",$0,$0,$0,$172,"$23,660","$57,660",$0,"$57,660","$439,190",,"$1,254,276","$84,310","$78,447","$1,268,380"
2094,69,69,22%,"$80,000",,$0,,"$1,441,893",$0,$0,"$72,095","$94,200","$20,724","$73,476","$1,419,787",,"$1,092,720",$0,$0,$0,$86,"$54,636","$73,000",$0,"$73,000","$1,074,356",,"$829,190",$0,$0,$0,"$41,459","$26,650","$5,863","$20,787","$843,999",,"$439,190",$0,$0,$0,$172,"$21,960","$57,660",$0,"$57,660","$403,490",,"$1,232,679","$84,310","$78,447","$1,247,489"
2095,70,70,22%,"$80,000",,$0,,"$1,419,787",$0,$0,"$70,989","$94,200","$20,724","$73,476","$1,396,577",,"$1,074,356",$0,$0,$0,$86,"$53,718","$73,000",$0,"$73,000","$1,055,074",,"$843,999",$0,$0,$0,"$42,200","$26,650","$5,863","$20,787","$859,549",,"$403,490",$0,$0,$0,$172,"$20,174","$57,660",$0,"$57,660","$366,004",,"$1,210,003","$84,310","$78,447","$1,225,553"
2096,71,71,22%,"$80,000",,$0,,"$1,396,577",$0,$0,"$69,829","$94,200","$20,724","$73,476","$1,372,205",,"$1,055,074",$0,$0,$0,$86,"$52,754","$73,000",$0,"$73,000","$1,034,828",,"$859,549",$0,$0,$0,"$42,977","$26,650","$5,863","$20,787","$875,876",,"$366,004",$0,$0,$0,$172,"$18,300","$57,660",$0,"$57,660","$326,644",,"$1,186,193","$84,310","$78,447","$1,202,521"
2097,72,72,22%,"$80,000",,$0,,"$1,372,205",$0,$0,"$68,610","$94,200","$20,724","$73,476","$1,346,616",,"$1,034,828",$0,$0,$0,$86,"$51,741","$73,000",$0,"$73,000","$1,013,569",,"$875,876",$0,$0,$0,"$43,794","$26,650","$5,863","$20,787","$893,020",,"$326,644",$0,$0,$0,$172,"$16,332","$57,660",$0,"$57,660","$285,317",,"$1,161,193","$84,310","$78,447","$1,178,337"
2098,73,73,22%,"$80,000",,$0,,"$1,346,616",$0,$0,"$67,331","$94,200","$20,724","$73,476","$1,319,746",,"$1,013,569",$0,$0,$0,$86,"$50,678","$73,000",$0,"$73,000","$991,248",,"$893,020",$0,$0,$0,"$44,651","$26,650","$5,863","$20,787","$911,021",,"$285,317",$0,$0,$0,$172,"$14,266","$57,660",$0,"$57,660","$241,922",,"$1,134,943","$84,310","$78,447","$1,152,944"
2099,74,74,22%,"$80,000",,$0,,"$1,319,746",$0,$0,"$65,987","$94,200","$20,724","$73,476","$1,291,534",,"$991,248",$0,$0,$0,$86,"$49,562","$73,000",$0,"$73,000","$967,810",,"$911,021",$0,$0,$0,"$45,551","$26,650","$5,863","$20,787","$929,922",,"$241,922",$0,$0,$0,$172,"$12,096","$57,660",$0,"$57,660","$196,359",,"$1,107,380","$84,310","$78,447","$1,126,281"
2100,75,75,22%,"$80,000",,$0,,"$1,291,534",$0,$0,"$64,577","$94,200","$20,724","$73,476","$1,261,911",,"$967,810",$0,$0,$0,$86,"$48,391","$73,000",$0,"$73,000","$943,201",,"$929,922",$0,$0,$0,"$46,496","$26,650","$5,863","$20,787","$949,768",,"$196,359",$0,$0,$0,$172,"$9,818","$57,660",$0,"$57,660","$148,517",,"$1,078,439","$84,310","$78,447","$1,098,285"
2101,76,76,22%,"$80,000",,$0,,"$1,261,911",$0,$0,"$63,096","$94,200","$20,724","$73,476","$1,230,806",,"$943,201",$0,$0,$0,$86,"$47,160","$73,000",$0,"$73,000","$917,361",,"$949,768",$0,$0,$0,"$47,488","$26,650","$5,863","$20,787","$970,607",,"$148,517",$0,$0,$0,$172,"$7,426","$57,660",$0,"$57,660","$98,282",,"$1,048,051","$84,310","$78,447","$1,068,889"
2102,77,77,22%,"$80,000",,$0,,"$1,230,806",$0,$0,"$61,540","$94,200","$20,724","$73,476","$1,198,146",,"$917,361",$0,$0,$0,$86,"$45,868","$73,000",$0,"$73,000","$890,229",,"$970,607",$0,$0,$0,"$48,530","$26,650","$5,863","$20,787","$992,487",,"$98,282",$0,$0,$0,$172,"$4,914","$57,660",$0,"$57,660","$45,536",,"$1,016,143","$84,310","$78,447","$1,038,024"
2103,78,78,22%,"$80,000",,$0,,"$1,198,146",$0,$0,"$59,907","$94,200","$20,724","$73,476","$1,163,854",,"$890,229",$0,$0,$0,$86,"$44,511","$73,000",$0,"$73,000","$861,740",,"$992,487",$0,$0,$0,"$49,624","$26,650","$5,863","$20,787","$1,015,462",,"$45,536",$0,$0,$0,$172,"$2,277","$57,660",$0,"$57,660","-$9,847",,"$982,641","$84,310","$78,447","$1,005,615"
2104,79,79,22%,"$80,000",,$0,,"$1,163,854",$0,$0,"$58,193","$94,200","$20,724","$73,476","$1,127,846",,"$861,740",$0,$0,$0,$86,"$43,087","$73,000",$0,"$73,000","$831,827",,"$1,015,462",$0,$0,$0,"$50,773","$26,650","$5,863","$20,787","$1,039,585",,"-$9,847",$0,$0,$0,$172,-$492,"$57,660",$0,"$57,660","-$67,999",,"$947,463","$84,310","$78,447","$971,586"
2105,80,80,22%,"$80,000",,$0,,"$1,127,846",$0,$0,"$56,392","$94,200","$20,724","$73,476","$1,090,039",,"$831,827",$0,$0,$0,$86,"$41,591","$73,000",$0,"$73,000","$800,419",,"$1,039,585",$0,$0,$0,"$51,979","$26,650","$5,863","$20,787","$1,064,914",,"-$67,999",$0,$0,$0,$172,"-$3,400","$57,660",$0,"$57,660","-$129,059",,"$910,526","$84,310","$78,447","$935,855"
2106,81,81,22%,"$80,000",,$0,,"$1,090,039",$0,$0,"$54,502","$94,200","$20,724","$73,476","$1,050,341",,"$800,419",$0,$0,$0,$86,"$40,021","$73,000",$0,"$73,000","$767,439",,"$1,064,914",$0,$0,$0,"$53,246","$26,650","$5,863","$20,787","$1,091,510",,"-$129,059",$0,$0,$0,$172,"-$6,453","$57,660",$0,"$57,660","-$193,172",,"$871,742","$84,310","$78,447","$898,338"
2107,82,82,22%,"$80,000",,$0,,"$1,050,341",$0,$0,"$52,517","$94,200","$20,724","$73,476","$1,008,658",,"$767,439",$0,$0,$0,$86,"$38,372","$73,000",$0,"$73,000","$732,811",,"$1,091,510",$0,$0,$0,"$54,575","$26,650","$5,863","$20,787","$1,119,435",,"-$193,172",$0,$0,$0,$172,"-$9,659","$57,660",$0,"$57,660","-$260,491",,"$831,019","$84,310","$78,447","$858,945"
2108,83,83,22%,"$80,000",,$0,,"$1,008,658",$0,$0,"$50,433","$94,200","$20,724","$73,476","$964,890",,"$732,811",$0,$0,$0,$86,"$36,641","$73,000",$0,"$73,000","$696,452",,"$1,119,435",$0,$0,$0,"$55,972","$26,650","$5,863","$20,787","$1,148,757",,"-$260,491",$0,$0,$0,$172,"-$13,025","$57,660",$0,"$57,660","-$331,175",,"$788,260","$84,310","$78,447","$817,582"
2109,84,84,22%,"$80,000",,$0,,"$964,890",$0,$0,"$48,245","$94,200","$20,724","$73,476","$918,935",,"$696,452",$0,$0,$0,$86,"$34,823","$73,000",$0,"$73,000","$658,275",,"$1,148,757",$0,$0,$0,"$57,438","$26,650","$5,863","$20,787","$1,179,545",,"-$331,175",$0,$0,$0,$172,"-$16,559","$57,660",$0,"$57,660","-$405,394",,"$743,363","$84,310","$78,447","$774,151"
2110,85,85,22%,"$80,000",,$0,,"$918,935",$0,$0,"$45,947","$94,200","$20,724","$73,476","$870,682",,"$658,275",$0,$0,$0,$86,"$32,914","$73,000",$0,"$73,000","$618,188",,"$1,179,545",$0,$0,$0,"$58,977","$26,650","$5,863","$20,787","$1,211,872",,"-$405,394",$0,$0,$0,$172,"-$20,270","$57,660",$0,"$57,660","-$483,324",,"$696,221","$84,310","$78,447","$728,548"
2111,86,86,22%,"$80,000",,$0,,"$870,682",$0,$0,"$43,534","$94,200","$20,724","$73,476","$820,016",,"$618,188",$0,$0,$0,$86,"$30,909","$73,000",$0,"$73,000","$576,098",,"$1,211,872",$0,$0,$0,"$60,594","$26,650","$5,863","$20,787","$1,245,816",,"-$483,324",$0,$0,$0,$172,"-$24,166","$57,660",$0,"$57,660","-$565,150",,"$646,722","$84,310","$78,447","$680,666"
2112,87,87,22%,"$80,000",,$0,,"$820,016",$0,$0,"$41,001","$94,200","$20,724","$73,476","$766,817",,"$576,098",$0,$0,$0,$86,"$28,805","$73,000",$0,"$73,000","$531,903",,"$1,245,816",$0,$0,$0,"$62,291","$26,650","$5,863","$20,787","$1,281,456",,"-$565,150",$0,$0,$0,$172,"-$28,257","$57,660",$0,"$57,660","-$651,067",,"$594,748","$84,310","$78,447","$630,389"
2113,88,88,22%,"$80,000",,$0,,"$766,817",$0,$0,"$38,341","$94,200","$20,724","$73,476","$710,957",,"$531,903",$0,$0,$0,$86,"$26,595","$73,000",$0,"$73,000","$485,498",,"$1,281,456",$0,$0,$0,"$64,073","$26,650","$5,863","$20,787","$1,318,879",,"-$651,067",$0,$0,$0,$172,"-$32,553","$57,660",$0,"$57,660","-$741,281",,"$540,176","$84,310","$78,447","$577,599"
2114,89,89,22%,"$80,000",,$0,,"$710,957",$0,$0,"$35,548","$94,200","$20,724","$73,476","$652,305",,"$485,498",$0,$0,$0,$86,"$24,275","$73,000",$0,"$73,000","$436,773",,"$1,318,879",$0,$0,$0,"$65,944","$26,650","$5,863","$20,787","$1,358,173",,"-$741,281",$0,$0,$0,$172,"-$37,064","$57,660",$0,"$57,660","-$836,005",,"$482,875","$84,310","$78,447","$522,169"
2115,90,90,22%,"$80,000",,$0,,"$652,305",$0,$0,"$32,615","$94,200","$20,724","$73,476","$590,721",,"$436,773",$0,$0,$0,$86,"$21,839","$73,000",$0,"$73,000","$385,611",,"$1,358,173",$0,$0,$0,"$67,909","$26,650","$5,863","$20,787","$1,399,432",,"-$836,005",$0,$0,$0,$172,"-$41,800","$57,660",$0,"$57,660","-$935,465",,"$422,708","$84,310","$78,447","$463,967"
2116,91,91,22%,"$80,000",,$0,,"$590,721",$0,$0,"$29,536","$94,200","$20,724","$73,476","$526,057",,"$385,611",$0,$0,$0,$86,"$19,281","$73,000",$0,"$73,000","$331,892",,"$1,399,432",$0,$0,$0,"$69,972","$26,650","$5,863","$20,787","$1,442,753",,"-$935,465",$0,$0,$0,$172,"-$46,773","$57,660",$0,"$57,660","-$1,039,898",,"$1,399,432","$84,310","$78,447","$402,855"
,,,,,,,,,,,,,,,,,,,,,,,,,,,,,,,,,,,,,,,,,,,,,,,,,,,,
,,,,,,TOTAL,,,"$353,000","$77,660","$2,528,057","$2,355,000","$518,100","$1,836,900",,,,"$353,000","$95,700","$257,300","$7,808","$1,899,592","$1,825,000",$0,"$1,825,000",,,,,"$221,000","$48,620","$1,888,003","$666,250","$146,575","$519,675",,,,"$117,000","$25,740","$91,260","$15,616","$310,342","$1,441,500",$0,"$1,441,500",,,,"$2,107,750","$1,961,175",